{"timestamps": [1490886195.02953], "initial_reset_timestamp": 1490886181.351675, "episode_types": ["t"], "episode_lengths": [4443], "episode_rewards": [0.0]}