{"timestamps": [1490886208.586883], "initial_reset_timestamp": 1490886195.079691, "episode_types": ["t"], "episode_lengths": [4421], "episode_rewards": [0.0]}