{"timestamps": [1490846361.586672], "initial_reset_timestamp": 1490846347.006312, "episode_types": ["t"], "episode_lengths": [4455], "episode_rewards": [0.0]}