{"timestamps": [1490846299.092877], "initial_reset_timestamp": 1490846284.153114, "episode_types": ["t"], "episode_lengths": [4428], "episode_rewards": [0.0]}