{"timestamps": [1490886138.39008], "initial_reset_timestamp": 1490886124.899881, "episode_types": ["t"], "episode_lengths": [4441], "episode_rewards": [0.0]}