{"timestamps": [1490846420.949007], "initial_reset_timestamp": 1490846407.378985, "episode_types": ["t"], "episode_lengths": [4402], "episode_rewards": [0.0]}