{"timestamps": [1490886222.268001], "initial_reset_timestamp": 1490886208.636242, "episode_types": ["t"], "episode_lengths": [4463], "episode_rewards": [0.0]}