{"timestamps": [1490846391.000042], "initial_reset_timestamp": 1490846376.337467, "episode_types": ["t"], "episode_lengths": [4453], "episode_rewards": [28.0]}