{"timestamps": [1490846329.404553], "initial_reset_timestamp": 1490846314.236174, "episode_types": ["t"], "episode_lengths": [4475], "episode_rewards": [158.0]}