{"timestamps": [1490886122.381945], "initial_reset_timestamp": 1490886107.915338, "episode_types": ["t"], "episode_lengths": [4443], "episode_rewards": [0.0]}