{"timestamps": [1490886165.327598], "initial_reset_timestamp": 1490886151.901337, "episode_types": ["t"], "episode_lengths": [4437], "episode_rewards": [0.0]}