{"timestamps": [1490846346.944137], "initial_reset_timestamp": 1490846332.063173, "episode_types": ["t"], "episode_lengths": [4425], "episode_rewards": [0.0]}