{"timestamps": [1490846314.160763], "initial_reset_timestamp": 1490846299.252317, "episode_types": ["t"], "episode_lengths": [4449], "episode_rewards": [123.0]}