{"timestamps": [1490846284.075691], "initial_reset_timestamp": 1490846267.731525, "episode_types": ["t"], "episode_lengths": [4465], "episode_rewards": [0.0]}