{"timestamps": [1490846407.320907], "initial_reset_timestamp": 1490846393.503905, "episode_types": ["t"], "episode_lengths": [4451], "episode_rewards": [0.0]}