{"timestamps": [1490886093.158359], "initial_reset_timestamp": 1490886078.651058, "episode_types": ["t"], "episode_lengths": [4438], "episode_rewards": [0.0]}