{"timestamps": [1490846376.270907], "initial_reset_timestamp": 1490846361.652445, "episode_types": ["t"], "episode_lengths": [4448], "episode_rewards": [18.0]}