{"timestamps": [1490886078.591598], "initial_reset_timestamp": 1490886063.964796, "episode_types": ["t"], "episode_lengths": [4440], "episode_rewards": [0.0]}