{"timestamps": [1490886151.852933], "initial_reset_timestamp": 1490886138.43746, "episode_types": ["t"], "episode_lengths": [4435], "episode_rewards": [0.0]}