{"timestamps": [1490886178.874766], "initial_reset_timestamp": 1490886165.375389, "episode_types": ["t"], "episode_lengths": [4452], "episode_rewards": [0.0]}