{"timestamps": [1490846448.527672], "initial_reset_timestamp": 1490846434.693688, "episode_types": ["t"], "episode_lengths": [4467], "episode_rewards": [0.0]}