{"timestamps": [1490886235.799071], "initial_reset_timestamp": 1490886222.319524, "episode_types": ["t"], "episode_lengths": [4444], "episode_rewards": [0.0]}