{"timestamps": [1490886107.850583], "initial_reset_timestamp": 1490886093.22138, "episode_types": ["t"], "episode_lengths": [4480], "episode_rewards": [0.0]}