{"timestamps": [1490846434.646355], "initial_reset_timestamp": 1490846420.998087, "episode_types": ["t"], "episode_lengths": [4430], "episode_rewards": [0.0]}